name,actual price,current price,post link
Reversible Suede Jacket black maroon,"Rs.14,295.00",,https://charcoal.com.pk/products/reversible-suede-jacket-black-maroon
Reversible Suede Jacket KHAKI NAVY,"Rs.14,295.00",,https://charcoal.com.pk/products/reversible-jacket-khaki-navy
MOCK NECK JACKET NAVY,"Rs.4,695.00",,https://charcoal.com.pk/products/mock-neck-jacket-navy
HOUNDSTOOTH MOCK NECK ZIPPER NAVY,"Rs.5,495.00",,https://charcoal.com.pk/products/houndstooth-mock-neck-zipper-navy
MOCK NECK KNITTED JACKET BLACK,"Rs.5,095.00",,https://charcoal.com.pk/products/mock-neck-jacket-black-1
MOCK NECK KNITTED JACKET NAVY,"Rs.5,095.00",,https://charcoal.com.pk/products/mock-neck-knitted-jacket-navy
Wadded Cotton Jacket Greyish Blue,"Rs.7,795.00",,https://charcoal.com.pk/products/wadded-cotton-jacket-greyish-blue
Quilted Textured Jacket Charcoal,"Rs.8,295.00",,https://charcoal.com.pk/products/quilted-textured-jacket-charcoal
Quilted Textured Jacket khaki,"Rs.8,295.00",,https://charcoal.com.pk/products/quilted-textured-jacket-khaki
Quilted Textured Jacket Navy,"Rs.8,295.00",,https://charcoal.com.pk/products/quilted-textured-jacket-navy
Quilted Wadded Jacket Black,"Rs.8,795.00",,https://charcoal.com.pk/products/quilted-wadded-jacket-black
Quilted Wadded Jacket Grey,"Rs.8,795.00",,https://charcoal.com.pk/products/quilted-wadded-jacket-grey
Quilted Wadded Jacket Navy,"Rs.8,795.00",,https://charcoal.com.pk/products/quilted-wadded-jacket-navy
FULL SLEEVE ENZYME WASHED FIELD JACKET OLIVE,"Rs.9,495.00",,https://charcoal.com.pk/products/full-sleeve-enzyme-washed-field-jacket-olive
SUEDE QUILTED JACKET NAVY,"Rs.12,295.00",,https://charcoal.com.pk/products/jacket-sleevless-navy
Quilted wadded Jacket Black,"Rs.13,495.00",,https://charcoal.com.pk/products/quilted-wadded-jacket-black-1
Quilted wadded Jacket Olive,"Rs.13,495.00",,https://charcoal.com.pk/products/quilted-wadded-jacket-olive
DENIM FULL SLEEVE JACKET BLUE,,"Rs.8,495.00",https://charcoal.com.pk/products/denim-full-sleeve-jacket-blue
DENIM FULL SLEEVE JACKET BLACK,,"Rs.8,495.00",https://charcoal.com.pk/products/denim-full-sleeve-jacket-black
Wool Blend Bomber Jacket Black,"Rs.12,495.00",,https://charcoal.com.pk/products/wool-jacket-black
Wool Blend Bomber Jacket charcoal,"Rs.12,495.00",,https://charcoal.com.pk/products/wool-jacket-charcoal
Wool Blend Bomber Jacket grey,"Rs.12,495.00",,https://charcoal.com.pk/products/wool-jacket-grey
QUILTED SLEEVELESS JACKET OLIVE,,"Rs.8,995.00",https://charcoal.com.pk/products/quilted-sleeveless-jacket-olive
QUILTED SLEEVELESS JACKET NAVY,,"Rs.8,995.00",https://charcoal.com.pk/products/quilted-sleeveless-jacket-navy
QUILTED SLEEVELESS JACKET BLACK,,"Rs.8,995.00",https://charcoal.com.pk/products/quilted-sleeveless-jacket-black
WOOLEN JACKET BROWN BLACK,"Rs.13,495.00",,https://charcoal.com.pk/products/woolen-jacket-brown-black
WOOLEN JACKET GREY BLACK,"Rs.13,495.00",,https://charcoal.com.pk/products/woolen-jacket-grey-black
WOOLEN JACKET CHARCOAL,"Rs.13,495.00",,https://charcoal.com.pk/products/woolen-jacket-charcoal
WOOL QUILTED SLEEVELESS REVERSIBLE JACKET BURGUNDY GREY,,"Rs.9,995.00",https://charcoal.com.pk/products/reversible-jacket-sleeveless-burgundy-grey
WOOL QUILTED SLEEVELESS REVERSIBLE JACKET BLACK KHAKI,,"Rs.9,995.00",https://charcoal.com.pk/products/reversible-jacket-sleeveless-black-khaki
WOOL QUILTED SLEEVELESS REVERSIBLE JACKET GREY WHITE,,"Rs.9,995.00",https://charcoal.com.pk/products/reversible-jacket-sleeveless-grey-white
WOOL QUILTED SLEEVELESS REVERSIBLE JACKET  BLACK CHECK,,"Rs.9,995.00",https://charcoal.com.pk/products/reversible-jacket-sleeveless-black-check
WOOL QUILTED SLEEVELESS REVERSIBLE JACKET BROWN KHAKI,,"Rs.9,995.00",https://charcoal.com.pk/products/wool-quilted-sleeveless-reversible-jacket-brown-khaki
WOOL QUILTED SLEEVELESS REVERSIBLE JACKET DARK GREY,,"Rs.9,995.00",https://charcoal.com.pk/products/wool-quilted-sleeveless-reversible-jacket-dark-grey
PUFFER  SLEEVELESS JACKET NAVY,,"Rs.9,995.00",https://charcoal.com.pk/products/puffer-jacket-navy-1
PUFFER  SLEEVELESS JACKET GREY,,"Rs.9,995.00",https://charcoal.com.pk/products/puffer-sleeveless-jacket-grey
PUFFER  SLEEVELESS JACKET LIGHT KHAKI,,"Rs.9,995.00",https://charcoal.com.pk/products/puffer-sleeveless-jacket-light-khaki
HOODED PUFFER BOMBER JACKET BLACK,"Rs.15,495.00",,https://charcoal.com.pk/products/fur-jacket-black
HOODED PUFFER BOMBER JACKET GREY,"Rs.15,495.00",,https://charcoal.com.pk/products/parka-jacket-olive
CORDUROY COLLAR FULL SLEEVE JACKET OLIVE,,"Rs.11,995.00",https://charcoal.com.pk/products/corduroy-collar-full-sleeve-jacket-brown
LIGHT WEIGHT MEN'S JACKET FULL SLEEVE BLACK,,"Rs.11,995.00",https://charcoal.com.pk/products/jacket-full-sleeve-black-5
CORDUROY COLLAR FULL SLEEVE JACKET BLACK,,"Rs.11,995.00",https://charcoal.com.pk/products/corduroy-collar-full-sleeve-jacket-black
CORDUROY COLLAR FULL SLEEVE JACKET BROWN,,"Rs.11,995.00",https://charcoal.com.pk/products/corduroy-collar-full-sleeve-jacket-brown-1
CORDUROY COLLAR FULL SLEEVE JACKET NAVY,,"Rs.11,995.00",https://charcoal.com.pk/products/corduroy-collar-full-sleeve-jacket-navy
PARKA FAUX FUR JACKET BROWN,"Rs.17,995.00",,https://charcoal.com.pk/products/parka-jacket-brown
PARKA FAUX FUR JACKET NAVY,"Rs.17,995.00",,https://charcoal.com.pk/products/parka-jacket-navy
PARKA FAUX FUR JACKET OLIVE,"Rs.17,995.00",,https://charcoal.com.pk/products/parka-jacket-olive-1
SLEEVELESS QUILTED JACKET BLACK,,"Rs.12,995.00",https://charcoal.com.pk/products/jacket-sleeveless-black-1
SLEEVELESS QUILTED JACKET LIGHT BEIGE,,"Rs.12,995.00",https://charcoal.com.pk/products/jacket-sleeveless-light-beige
SLEEVELESS QUILTED JACKET DARK KHAKI,,"Rs.12,995.00",https://charcoal.com.pk/products/jacket-sleeveless-light-khaki
SIGNATURE  SLEEVELESS JACKET BEIGE,,"Rs.12,995.00",https://charcoal.com.pk/products/jacket-sleeveless-beige
SIGNATURE  SLEEVELESS JACKET BLACK,,"Rs.12,995.00",https://charcoal.com.pk/products/jacket-sleeveless-black-2
SIGNATURE  SLEEVELESS JACKET NAVY,,"Rs.12,995.00",https://charcoal.com.pk/products/jacket-sleeveless-navy-1
RIBED FULL SLEEVES JACKET GREY,,"Rs.12,995.00",https://charcoal.com.pk/products/jacket-full-sleeve-grey
RIBED FULL SLEEVES JACKET LIGHT BROWN,,"Rs.12,995.00",https://charcoal.com.pk/products/jacket-full-sleeve-light-brown
RIBED FULL SLEEVES JACKET LIGHT OLIVE,,"Rs.12,995.00",https://charcoal.com.pk/products/jacket-full-sleeve-light-olive
SLEEVELESS JACKET OLIVE,,"Rs.12,995.00",https://charcoal.com.pk/products/sleeveless-jacket-olive
QUILTED FUR COLLAR JACKET NAVY,,"Rs.13,495.00",https://charcoal.com.pk/products/quilted-fur-collar-jacket-navy
SLEEVELESS JACKET NAVY,,"Rs.12,995.00",https://charcoal.com.pk/products/sleeveless-jacket-navy
QUILTED SUEDE GILET JACKET SLEEVELESS DARK OLIVE,,"Rs.12,995.00",https://charcoal.com.pk/products/jacket-sleeveless-dark-olive
QUILTED SUEDE GILET JACKET SLEEVELESS LIGHT BROWN,,"Rs.12,995.00",https://charcoal.com.pk/products/jacket-sleeveless-dark-olive-copy
QUILTED SUEDE GILET JACKET SLEEVELESS NAVY,,"Rs.12,995.00",https://charcoal.com.pk/products/jacket-sleeveless-navy-2
QUILTED FUR COLLAR JACKET BLACK,,"Rs.13,495.00",https://charcoal.com.pk/products/quilted-fur-collar-jacket-black
FAUX COLLAR F/S QUILTED JACKET NAVY,,"Rs.13,495.00",https://charcoal.com.pk/products/quilted-fur-collar-jacket-navy-1
FAUX COLLAR F/S QUILTED JACKET LIGHT KHAKI,,"Rs.13,495.00",https://charcoal.com.pk/products/quilted-fur-collar-jacket-light-khaki
FAUX COLLAR F/S QUILTED JACKET BLACK,,"Rs.13,495.00",https://charcoal.com.pk/products/quilted-fur-collar-jacket-black-1
QUILTED FUR COLLAR JACKET DARK OLIVE,,"Rs.13,495.00",https://charcoal.com.pk/products/quilted-fur-collar-jacket-dark-olive-1
FUR COLLAR JACKET BLACK,,"Rs.13,995.00",https://charcoal.com.pk/products/jacket-full-sleeve-black-4
FUR COLLAR JACKET TAN,,"Rs.13,995.00",https://charcoal.com.pk/products/jacket-full-sleeve-tan
SUEDE UTILITY JACKET FULL SLEEVE BLACK,,"Rs.13,995.00",https://charcoal.com.pk/products/jacket-full-sleeve-black-6
SUEDE UTILITY JACKET FULL SLEEVE CAMEL,,"Rs.13,995.00",https://charcoal.com.pk/products/jacket-full-sleeve-camel-1
SUEDE UTILITY JACKET FULL SLEEVE LIGHT BROWN,,"Rs.13,995.00",https://charcoal.com.pk/products/jacket-full-sleeve-light-brown-1
QUILTED FUR COLLAR JACKET LIGHT KHAKI,,"Rs.13,495.00",https://charcoal.com.pk/products/quilted-fur-collar-jacket-khaki
SIGNATURE AUSTIN MARTIN PUFFER JACKET FULL SLEEVE BLACK,,"Rs.13,995.00",https://charcoal.com.pk/products/jacket-full-sleeve-black-7
SIGNATURE AUSTIN MARTIN PUFFER JACKET FULL SLEEVE NAVY,,"Rs.13,995.00",https://charcoal.com.pk/products/jacket-full-sleeve-navy-5
QUILTED FUR COLLAR JACKET DARK OLIVE,,"Rs.13,495.00",https://charcoal.com.pk/products/quilted-fur-collar-jacket-dark-olive
SIGNATURE AUSTIN MARTIN PUFFER JACKET FULL SLEEVE OLIVE GREEN,,"Rs.13,995.00",https://charcoal.com.pk/products/jacket-full-sleeve-olive-green-1
FUR COLLAR SUEDE JACKET FULL SLEEVE BROWN,,"Rs.14,995.00",https://charcoal.com.pk/products/jacket-full-sleeve-brown
FUR COLLAR SUEDE JACKET FULL SLEEVE NAVY,,"Rs.14,995.00",https://charcoal.com.pk/products/jacket-full-sleeve-navy-4
FUR COLLAR SUEDE JACKET FULL SLEEVE RUST,,"Rs.14,995.00",https://charcoal.com.pk/products/jacket-full-sleeve-rust
CORDUROY COLLAR QUILTED JACKET FULL SLEEVE KHAKI,,"Rs.16,995.00",https://charcoal.com.pk/products/jacket-full-sleeve-khaki-2
PARKA JACKET FULL SLEEVE NAVY,,"Rs.17,995.00",https://charcoal.com.pk/products/jacket-full-sleeve-navy-6
PARKA JACKET FULL SLEEVE BLACK,,"Rs.18,995.00",https://charcoal.com.pk/products/jacket-full-sleeve-black-8
