name,actual price,current price,rating,reviews
OPPO Enco W51 True Wireless Headphones,"Rs  14,999","Rs  8,299",4.7,14
Realme Buds Q,"Rs  8,500","Rs  3,299",4.9,13
Audionic Airbud 500,"Rs  8,889","Rs  3,799",4.8,123
Redmi Buds 5 Earbuds,"Rs  16,000","Rs  8,299",4.6,20
Soundpeats Space Headphones ANC,"Rs  18,000","Rs  10,738",4.5,1
Dany Airdots 200 Curve Pro,"Rs  7,198","Rs  3,399",5.0,5
M90 Pro TWS Gaming Earbuds,"Rs  2,899","Rs  1,199",4.8,448
Oneplus Bullets Wireless Z2 Neckband,"Rs  8,999","Rs  7,599",,
Redmi Buds 6 Play Wireless Earbuds,"Rs  4,000","Rs  3,299",4.3,9
Soundpeats Capsule 3 Pro Plus,"Rs  23,999","Rs  15,499",4.0,1
BQ10 Wireless Earbuds,"Rs  2,000","Rs  1,349",,
Airox E3 Wireless Earbuds,"Rs  3,500","Rs  2,399",4.0,1
Zero Wave Pro Earbuds,"Rs  14,999","Rs  4,999",5.0,3
M36 TWS Wireless Earbuds,"Rs  2,800","Rs  1,199",4.5,2
M66 pro  TWS Wireless Gaming Earbuds,"Rs  2,000","Rs  1,199",5.0,1
OnePlus Bullets Wireless Z2 ANC Neckband,"Rs  9,999","Rs  8,399",5.0,1
M32 TWS Wireless Bluetooth Earbuds,"Rs  2,499","Rs  1,249",4.8,18
Ronin R-540 EarBuds,"Rs  9,399","Rs  4,449",5.0,5
Lenovo LP3 Pro TWS Earbuds,"Rs  4,500","Rs  2,949",5.0,2
BQ30 TWS Bluetooth Wireless Earbuds,"Rs  2,000","Rs  1,349",5.0,3
Airox BT007 Wireless Bluetooth Headset,"Rs  2,500","Rs  1,299",,
Soundpeats Life Lite True Wireless Earbuds,"Rs  7,000","Rs  5,499",5.0,7
Soundpeats Engine4 Wireless Earbuds,"Rs  14,000","Rs  10,518",4.6,13
Zero AURA Earbuds,"Rs  10,999","Rs  4,999",4.8,30
Audionic Signature S680 Wireless Earbuds,"Rs  9,999","Rs  3,449",4.3,5
QCY ArcBuds Lite ENC Wireless Earbuds,"Rs  5,500","Rs  3,669",4.6,6
Lenovo LP60 Wireless Earbuds,"Rs  6,500","Rs  4,999",,
Faster S5 ANC Over-Ear Wireless Headphone,"Rs  12,000","Rs  4,799",5.0,1
G-Tide L1 TWS Earbuds,"Rs  4,500","Rs  1,849",4.8,3
Lenovo XT81 True Wireless Headphones,"Rs  4,500","Rs  2,199",,
SoundPeats ClearPods EarBuds,"Rs  7,499","Rs  5,999",,
Audionic Airbud Maverick,"Rs  10,000","Rs  4,899",5.0,1
Lenovo Thinkplus Livepods XT81,"Rs  3,750","Rs  2,999",4.7,20
Haino Teko Germany Air 5 Wireless Earphone,"Rs  4,000","Rs  2,399",3.0,2
Pro 5 Tws Bluetooth Earbuds,"Rs  1,899","Rs  1,299",,
F9 Airdots Pro with Power Bank,"Rs  2,700","Rs  1,499",4.1,10
itel TWS BudsAce ANC,"Rs  12,499","Rs  4,549",4.8,2
Zero Pulse Wireless Earbuds,"Rs  8,000","Rs  4,499",4.9,5
Anker (A3994H21) Soundcore K20i Wireless Earbuds,"Rs  5,999","Rs  5,149",,
Lenovo PD1X True Wireless Earbuds,"Rs  3,500","Rs  3,099",4.7,23
Lenovo HE05 TWS Wireless Earbuds,"Rs  2,000","Rs  1,029",4.8,152
Apple AirPods Pro (2nd generation) Type C,"Rs  71,000","Rs  58,999",5.0,16
Apple AirPods 4,"Rs  95,999","Rs  40,499",5.0,1
M30 TWS Wireless Earbuds,"Rs  2,499","Rs  1,199",4.7,191
Earcuffs tws Wireless earphone,"Rs  2,500","Rs  1,599",4.7,2
P9 Wireless On-Ear Stereo Earphones,"Rs  2,884","Rs  1,119",4.0,4
Hottu Neckband NB13,"Rs  4,000","Rs  1,999",5.0,1
Airox True Wireless Earbuds OWS-4,"Rs  4,500","Rs  2,949",,
Soundpeats Air4 Wireless Earbuds,"Rs  15,000","Rs  11,824",5.0,4
QCY T18 MeloBuds,"Rs  9,500","Rs  6,599",4.5,2
Lenovo LP80 Pro Wireless Earbuds,"Rs  4,000","Rs  3,299",,
Soundpeats Clear Wireless Earbuds,"Rs  9,000","Rs  5,999",4.7,13
Soundpeats Gofree 2 Plus,"Rs  13,499","Rs  11,099",,
REMAX RB-S5 MAGNETIC SPORTY BLUETOOTH WIRELESS IN-EAR Headphone,"Rs  3,000","Rs  1,699",,
Xinji Stone M1 TWS Earbud Premium Sound,,"Rs  4,000",,
X9 True Wireless Earbuds,"Rs  2,000","Rs  1,399",,
Airox E11 Wireless Earbuds,"Rs  4,900","Rs  2,449",,
Zero Gravity Earbuds,"Rs  14,999","Rs  4,999",4.8,3
Audionic Airbud 590 Wireless Earbuds,"Rs  9,499","Rs  3,949",4.8,44
Audionic Battlebuds Wireless Earbuds,"Rs  9,999","Rs  4,499",,
JBL Tune 130NC TWS True Wireless Headphones,"Rs  21,000","Rs  16,499",,
QCY T32 AilyBuds Clear Wireless,"Rs  6,000","Rs  5,499",,
Air 33 TWS Transparent Earbuds,"Rs  3,000","Rs  1,199",4.7,2
YOLO YoPod2 EarBuds,"Rs  4,999","Rs  2,949",,
XINJI STONE M3 TWS Earbuds,,"Rs  5,499",,
Anker (A3959H11) Soundcore R50i NC,"Rs  10,000","Rs  7,149",4.8,5
Samsung Galaxy Buds 3 Pro,"Rs  69,999","Rs  49,799",4.7,6
Anker Soundcore Liberty 4 NC Earbuds,"Rs  24,000","Rs  15,799",4.9,17
Samsung Galaxy Buds 3,"Rs  45,000","Rs  32,399",5.0,1
Zero Carbon Earbuds,"Rs  14,499","Rs  4,278",4.5,10
Zero Thunder Earbuds,"Rs  7,000","Rs  3,999",5.0,1
Xinji Stone M2 Wireless Earbud,,"Rs  5,000",,
XINJI STONE M1 TWS EARBUDS,"Rs  7,000","Rs  5,299",,
JBL Wave 200TWS Wireless Earbuds,"Rs  13,000","Rs  9,499",5.0,3
Dany Airdots 110 Wireless Earbuds,"Rs  4,000","Rs  3,099",5.0,7
Airox Bluetooth Neck Band BT06,"Rs  1,500",Rs  899,4.4,7
Nothing Buds Pro 2,"Rs  20,000","Rs  13,499",4.5,5
XINJI STONE M3 TWS EARBUDS,"Rs  8,000","Rs  5,399",,
Redmi Buds 5 Pro Earbuds,"Rs  22,000","Rs  14,550",4.9,9
Xiaomi Buds 5,"Rs  29,499","Rs  25,999",,
Realme Buds Air 2,"Rs  15,000","Rs  9,799",4.7,3
Anker Soundcore A25i Wireless Earbuds,"Rs  5,999","Rs  5,149",,
Lenovo LP10 TWS Wireless Earbuds,"Rs  6,000","Rs  3,599",4.8,35
Haino Teko P5 Bluetooth Earbuds,"Rs  4,000","Rs  2,349",4.0,1
Soundpeats True Capsule 3 Pro Earbuds,"Rs  15,000","Rs  11,649",4.8,34
Dany Airdots 102,"Rs  9,999","Rs  3,749",4.9,28
i12 Tws Touch Sensor Airpods,"Rs  1,700",Rs  949,4.6,51
GravaStar Sirius Pro Earpods,"Rs  4,000","Rs  2,799",,
Pro 6s Tws Bluetooth Earbuds,"Rs  1,799","Rs  1,299",,
G-TIDE BUDS2 PRO,"Rs  6,000","Rs  2,799",,
EarFun Air Pro 2 Wireless Earbuds,"Rs  20,000","Rs  15,199",,
JBL Wave Beam True Wireless Earbuds,"Rs  19,000","Rs  12,299",4.5,2
Soundpeats A6 Wireless Headphone,"Rs  15,000","Rs  12,299",5.0,8
Soundpeats Air 4 Lite Wireless Earphones,"Rs  11,500","Rs  8,949",5.0,1
L-58 pro Tws LCD Wireless Earbuds,"Rs  4,000","Rs  2,999",,
Tronsmart Encore S2 Plus Sport Neckband,"Rs  8,000","Rs  5,799",,
F9 Pro Wireless Bluetooth Earbuds,"Rs  2,399","Rs  1,499",4.5,8
M47 Wireless Earphone Plus Bluetooth Speaker,"Rs  5,800","Rs  3,799",4.5,1
M48 TWS Wireless Bluetooth Earphones Noise Cancelling,"Rs  5,000","Rs  1,899",,
Ronin R-520 Wireless Earbuds,"Rs  8,000","Rs  4,399",4.9,51
Airox E6 Wireless Earbuds,"Rs  5,000","Rs  2,599",,
G-Tide L2 TWS Earbuds,"Rs  4,999","Rs  2,499",4.9,7
Anker Soundcore P40i Earbuds,"Rs  14,500","Rs  12,799",5.0,2
Faster True Wireless Noise Reduction Earbuds (E20),"Rs  4,500","Rs  3,699",4.6,5
Faster Wireless Gaming Earbuds (TG300),"Rs  6,000","Rs  5,199",5.0,2
FASTER R12 PRO EARBUDS,"Rs  5,000","Rs  3,799",,
MONSTER AIRMARS XKT02 True Wireless Bluetooth Earphones,"Rs  4,499","Rs  3,749",5.0,1
Lenovo XT88 TWS Wireless Earphone,"Rs  3,500","Rs  3,299",5.0,1
Dany Airdots 101,"Rs  7,499","Rs  2,999",4.8,84
Air 13 Pro TWS Bluetooth Earbuds,"Rs  3,000",Rs  999,4.9,6
Jr07 Open Dual Mic Noise Cancel Earbuds,"Rs  4,000","Rs  1,999",,
P9 pro max Wireless Headset,"Rs  2,500","Rs  1,219",4.2,13
Hottu TWS Earphone HOT-TS16,"Rs  5,500","Rs  3,499",,
XO X26 Graphic TWS Bluetooth Earphones,"Rs  5,000","Rs  2,899",,
Ronin R-7020 Earbuds,"Rs  8,599","Rs  3,899",5.0,2
Anker A20i True Wireless Earbuds,"Rs  8,000","Rs  4,672",5.0,14
Lenovo XT82 TWS Wireless Earbuds,"Rs  3,650","Rs  3,299",4.8,15
Sony WF-1000XM5 Wireless Noise Cancelling Earbuds,"Rs  70,000","Rs  58,999",5.0,4
XINJI STONE M2 TWS EARBUDS,"Rs  8,000","Rs  5,399",,
M8 True Wireless Earbuds,"Rs  3,000","Rs  1,299",2.5,1
Gq-03 Colorful RGB Light Headphones,"Rs  3,000","Rs  2,199",,
HOTTU Neckband (NB11),"Rs  2,500","Rs  2,049",5.0,3
Hottu TWS Earbuds HOT-TS20,"Rs  7,000","Rs  3,649",,
JBL Tune 760NC Wireless Headphones,"Rs  24,000","Rs  18,799",5.0,1
Beats Studio Buds,"Rs  32,000","Rs  24,999",4.9,7
Imiki MT2 Wireless Erbuds,"Rs  6,999","Rs  3,899",,
Redmi Buds 4 Pro,"Rs  18,999","Rs  13,999",4.8,3
Mars Air Pro 2 Wireless Earbuds,"Rs  4,000","Rs  2,399",,
P47 Wireless Bluetooth Stereo Headphones,"Rs  1,599",Rs  877,4.8,128
Amgras Future II Pro Bluetooth Transparent Earphone  ENC,"Rs  4,100","Rs  2,499",,
Amgras Future A8 Pro Earbuds,"Rs  3,500","Rs  2,029",5.0,3
YD MINI Wireless Bluetooth Earbuds,"Rs  2,500","Rs  1,449",4.0,2
Redmi Buds 4 Active,"Rs  6,500","Rs  4,399",4.6,36
Hottu HOT TS10 Wireless Earphone,"Rs  4,000","Rs  3,249",,
Hottu HOT TS21 Wireless Earphone,"Rs  5,999","Rs  3,849",,
Airox E7 Wireless Earbuds,"Rs  5,100","Rs  2,499",,
Airox BT009 Wireless Bluetooth Headset,"Rs  2,500","Rs  1,299",5.0,1
Google Pixel Buds Pro,"Rs  50,000","Rs  40,999",,
Soundpeats Air4 Pro Wireless Earbuds,"Rs  21,000","Rs  14,399",5.0,3
SoundPeats Air4 Bluetooth Headphones Transparent version,"Rs  20,000","Rs  11,749",,
QCY MeloBuds Neo T31,"Rs  6,000","Rs  5,149",,
Lenovo LP1 Pro Earbuds,"Rs  4,500","Rs  3,299",5.0,2
Sony WH-1000XM5 Wireless ANC Headphones,"Rs  108,000","Rs  80,999",,
XO T5Pods Bluetooth Airpods,"Rs  4,000","Rs  3,299",,
DUDAO U2N 2nd Gen TWS Earphones,"Rs  3,900","Rs  2,799",,
SiGMA Wireless Sports Earphones SBH-12,"Rs  5,000","Rs  3,249",,
QCY T13 Wireless Earphones,"Rs  5,200","Rs  4,799",4.9,14
Samsung Galaxy Buds 2 Pro,"Rs  39,999","Rs  26,599",4.9,110
Sony WH-CH520 Wireless Headphones,"Rs  20,000","Rs  12,599",5.0,2
Soundpeats H1 Wireless Earbuds,"Rs  17,000","Rs  14,199",4.8,11
Soundpeats Air 5 Bluetooth Headphone,"Rs  21,999","Rs  14,457",5.0,1
Dany Airdots 100,"Rs  4,999","Rs  2,499",4.7,18
YS-9957 Wireless Bluetooth Headphones,"Rs  4,000","Rs  1,699",3.3,3
ASPOR A620 Earbuds Pro 2,"Rs  4,499","Rs  3,449",,
XO X23 TWS Bluetooth Earbuds,"Rs  3,000","Rs  2,299",,
Zero Astro Earbuds,"Rs  14,999","Rs  4,299",4.8,5
Joyroom True Wireless Earbuds (JR-T03S Air),"Rs  6,500","Rs  5,899",,
Lenovo Monster Airmars XKT09,"Rs  6,800","Rs  4,299",3.3,3
Sony Earbuds Wf-C700n,"Rs  39,000","Rs  23,999",,
Faster Solo Wireless Stereo Headphones (S4HD),"Rs  7,000","Rs  5,299",4.7,4
JBL Tune 510BT Wireless Headphone,"Rs  15,000","Rs  10,699",5.0,2
JBL Tune 520BT Wireless Headphones,"Rs  15,000","Rs  10,999",5.0,1
Soundpeats True Wireless Earbuds Air 3 Deluxe,"Rs  11,000","Rs  8,999",4.8,8
Tm20 Stereo True Wireless Earbuds,"Rs  3,000","Rs  1,599",3.0,1
Wireless Bluetooth Headphone,"Rs  2,700","Rs  2,099",,
PHOINIKAS PC Headphone with Microphone,"Rs  6,000","Rs  3,749",,
Tagg Rogue 200GT Wireless Earbuds,"Rs  5,500","Rs  2,749",,
Yolo Yopod Active Plus True Wireless Earbuds,"Rs  7,999","Rs  5,999",,
EarFun Air Wireless Earbuds,"Rs  16,000","Rs  12,199",,
SiGMA wireless Earbuds Tg-1,"Rs  6,900","Rs  4,599",,
Audionic Airbud 450 Wireless Earbuds,"Rs  7,000","Rs  2,959",4.8,13
Tm10 Stereo True Wireless Earbuds,"Rs  4,000","Rs  2,129",,
REMAX RB-S18 In-Ear Wireless Bluetooth V4.2 Earphones,"Rs  3,000","Rs  1,699",,
JBL Headset T720BT Wireless Headphones,"Rs  22,000","Rs  14,999",,
Baseus Bowie WM01 True Wireless Earphones,"Rs  5,000","Rs  3,799",,
Ronin R-7025 Earbuds,"Rs  8,899","Rs  3,999",4.7,3
Haino Teko Air P3 Wireless Earbuds,"Rs  5,500","Rs  4,299",5.0,1
JBL Tune T710BT Wireless Headphone,"Rs  18,000","Rs  13,999",,
DX-02 TWS Earbuds,"Rs  3,500","Rs  2,099",,
Air AAA max Wireless Headset,"Rs  3,000","Rs  2,209",,
Buds Pro Wireless earbuds,"Rs  3,000","Rs  2,499",,
Damix AS-07 TWS Earbuds,"Rs  2,599","Rs  1,299",,
A10 Pro Touchscreen LED Display Earbuds,"Rs  4,000","Rs  2,399",,
MONSTER AIRMARS XKT01 True Wireless Earphones,"Rs  4,499","Rs  3,949",,
Skullcandy Dime 2 Wireless Earbuds,"Rs  12,500","Rs  6,999",,
1HORA True Wireless Circular airphones  (UT119N-100),"Rs  5,800","Rs  2,799",,
CMF Nothing Wireless Earbuds,"Rs  18,000","Rs  10,499",,
NOTHING CMF Buds Pro,"Rs  17,000","Rs  13,999",,
Remax PD-BT630 Airpods 3,"Rs  5,000","Rs  2,649",,
Anker A30i ANC Wireless Bluetooth Earbuds A3958H21,"Rs  9,000","Rs  7,243",5.0,1
M10 TWS Wireless Bluetooth Earbuds,"Rs  2,499",Rs  844,4.7,2511
Amgras future A3 pro,"Rs  4,000","Rs  2,999",,
Ua 11 BT wireless headphones,"Rs  3,000","Rs  2,299",,
Buds 2 True Wireless Bluetooth earbuds,"Rs  3,500","Rs  2,599",,
Lelisu LS-202 Wireless Bluetooth Headphones,"Rs  4,000","Rs  2,699",,
Damix AS-03 TWS Earbuds,"Rs  4,500","Rs  1,499",,
Ys-668 Wireless Bluetooth Headphones,"Rs  3,000","Rs  1,599",,
Baseus Bowie H1 Noise-Cancelling Wireless Headphones,"Rs  19,499","Rs  13,199",,
Joyroom Upgraded Noise Cancelling Earbuds (JR-TA2),"Rs  10,000","Rs  9,299",5.0,1
Joyroom MG-C05 Bluetooth TWS Wireless Headset,"Rs  6,000","Rs  4,999",,
Joyroom Funpods Series JR-FB1 True Wireless Earphones,"Rs  8,600","Rs  6,149",,
Anker Soundcore H30i Wireless Headphones,"Rs  16,000","Rs  9,549",5.0,1
Yolo mercury H2 Wireless Headphone,"Rs  6,999","Rs  5,499",,
Hottu HOT TS12 Wireless Earphone,"Rs  5,000","Rs  3,649",,
Beats Solo Buds,"Rs  40,000","Rs  32,999",,
OnePlus Nord Buds 2r Tws Earbuds,"Rs  11,000","Rs  7,899",,
Soundpeats Opera 05 Wireless Earbuds,"Rs  20,000","Rs  16,799",4.8,1
Mpow MX1 True Wireless Earbuds,"Rs  5,700","Rs  3,149",5.0,2
Haylou X1 Plus Earbuds (T013),"Rs  4,250","Rs  3,549",5.0,2
FASTER S6-HD  Bluetooth  HEADPHONES,"Rs  6,000","Rs  4,399",3.5,2
Aukey TWS Wireless Earbuds (EP-T25),"Rs  4,400","Rs  3,999",4.7,15
XO X17 Space Bluetooth Earbuds,"Rs  4,500","Rs  3,219",5.0,1
XO X34 Starry Sky Flip TWS Bluetooth Earbuds,"Rs  5,000","Rs  2,699",,
LDNIO T03 True Wireless Earbuds,"Rs  5,000","Rs  3,999",,
EarFun Air Mini 2 Wireless Earbuds,"Rs  10,000","Rs  7,199",,
SiGMA Elite Class Sport Headset SBH-1,"Rs  6,000","Rs  4,449",,
1HORA HT47 True Wireless Earphones,"Rs  5,500","Rs  2,899",,
Bose Ultra Open Earbuds,"Rs  91,000","Rs  80,999",,
Remax W22N Cozy Wireless Stereo Earbuds,"Rs  5,000","Rs  3,249",,
Mars MB-8 Wireless Earbuds,"Rs  2,000","Rs  1,699",,
Mcdodo HP-278 Wireless Earbuds,"Rs  6,000","Rs  4,249",,
HiFuture FutureTour Pro Hybrid ANC Wireless Headphones,"Rs  16,000","Rs  14,299",,
Joyroom True Wireless ANC Earbuds (JR-BC1),"Rs  7,500","Rs  7,299",,
Joyroom JR-OH1 Wireless Bluetooth,"Rs  5,000","Rs  4,299",5.0,2
Joyroom Funpods Series JR-FB2 True Wireless Earphones,"Rs  9,000","Rs  6,599",,
Haylou Earbuds Gt1 2023,"Rs  11,000","Rs  4,429",,
Haino teko BD 22 Pro Wireless Earbuds,"Rs  6,000","Rs  3,899",,
OnePlus Buds Pro 3 Wireless Earbuds,"Rs  55,000","Rs  39,999",,
M11 TWS Wireless Bluetooth Earbuds,"Rs  2,599","Rs  1,799",,
Airs Pro TWS Bluetooth Earbuds,"Rs  1,699",Rs  939,4.6,223
I7S Bluetooth Wireless Earbuds,"Rs  1,350",Rs  849,4.7,13
A6s Wireless Bluetooth Earbuds,"Rs  2,999","Rs  1,499",5.0,3
DX-09 RGB Auricular Gaming Earphone,"Rs  3,000","Rs  2,149",,
BQ40 HIFI Sound Quality Fingerprint Touch Earbuds,"Rs  3,000","Rs  1,699",,
Yolo mercury H1 Wireless Headphones,"Rs  8,999","Rs  6,499",,
Aspor A619 TWS Bluetooth Earbuds,"Rs  3,999","Rs  3,149",,
ASPOR A618 Wireless Bluetooth Headset,"Rs  4,000","Rs  3,299",,
XO X20 Square Ring TWS Bluetooth Earbuds,"Rs  3,500","Rs  2,719",5.0,2
XO X13 Magic Ring TWS Bluetooth Earbuds,"Rs  4,000","Rs  3,099",5.0,1
XO G11 Sword Rain Gaming TWS Bluetooth Earbuds,"Rs  6,000","Rs  4,999",,
XO G3 Senmai Wireless Earbuds,"Rs  5,000","Rs  4,499",,
XO G8 ENC Noise Canceling Wireless Earbuds,"Rs  5,500","Rs  3,599",,
XO X7 Wireless Earbuds,"Rs  4,500","Rs  3,649",,
Zero Z-811 Wireless Earbuds,"Rs  9,999","Rs  3,999",4.6,7
Zero Arcade 900 Wireless Earbuds,"Rs  17,999","Rs  6,999",,
Zero Wave Wireless Earbuds,"Rs  14,999","Rs  3,499",,
Westpoint TWS Earbuds WP-100,"Rs  7,800","Rs  4,875",,
Westpoint Sport Earphone WP-155,"Rs  4,420","Rs  2,749",5.0,1
Dudao U18 TWS Wireless Earphones,"Rs  4,500","Rs  3,299",,
SiGMA Wireless Earbuds Wave t4 TWS,"Rs  4,449","Rs  3,399",,
Marshall Major V Headphones,"Rs  51,000","Rs  42,499",,
Borofone BW39 True Wireless Bluetooth Earphone,"Rs  5,000","Rs  3,299",,
Bose QC Ultra Headphones,"Rs  125,000","Rs  111,999",,
Mars MB-11 Wireless Earbuds,"Rs  3,000","Rs  1,699",,
HiFuture ColorBuds2 True Wireless Earphone,"Rs  7,000","Rs  5,299",,
HiFuture FutureTour Over Ear ANC Headphones,"Rs  11,500","Rs  9,799",,
QCY T7 True Wireless Earbuds,"Rs  3,999","Rs  3,549",,
Realme Dizo Gopods D (DA-2002),"Rs  5,600","Rs  4,849",5.0,5
Joyroom True Wireless Earphone (JR-T03S),"Rs  7,500","Rs  6,799",5.0,1
Joyroom Mini Portable TWS Headphone (JR-TL1 Pro),"Rs  6,000","Rs  4,999",5.0,4
Joyroom T03S Pro Earbuds ANC Pop Up Version,"Rs  13,500","Rs  9,999",5.0,1
Anker SoundCore Space A40 Noise Cancelling Earbuds,"Rs  21,000","Rs  13,499",5.0,2
FASTER R18 OWS AIRVIBE ENC,"Rs  7,000","Rs  5,599",5.0,1
Aukey TWS Wireless Earbuds (EP-M1S),"Rs  7,000","Rs  5,499",5.0,1
Aukey True Wireless ANC Earbuds Black (EP-M1NC),"Rs  10,000","Rs  9,199",,
Anker Soundcore AeroFit Open-Ear Buds,"Rs  30,000","Rs  22,999",,
Soundpeats Sonic Pro Wireless Earbuds,"Rs  13,500","Rs  10,899",4.6,4
SoundPEATS HearFit Sports Headphones,"Rs  13,499","Rs  10,249",,
M66 TWS Gaming Wireless Earbuds,"Rs  2,500","Rs  1,199",4.8,13
DX-05 TWS Wireless Bluetooth Earbuds,"Rs  3,000","Rs  2,149",,
A9 PRO Tws in-Ear Earbuds Anc Wireless Earphones,"Rs  5,000","Rs  2,999",4.3,2
At08 Ultra ENC Earbuds,"Rs  3,000","Rs  2,099",,
TF20 Box 3in1 Earbuds With Power Bank & Multimedia Display,"Rs  8,000","Rs  4,999",,
Sunglasses Sport Bluetooth Wireless Headset,"Rs  3,500","Rs  1,999",,
DDK 339 Wireless Bluetooth Headphones,"Rs  3,500","Rs  2,099",,
JITENG-JT-813 Wired Gaming Headphones With Mic,"Rs  3,000","Rs  1,849",,
M21 Tws Wireless Earbuds,"Rs  3,000","Rs  1,799",,
Hottu TWS Earbuds HOT-TS17,"Rs  6,000","Rs  4,299",,
Hottu TWS Earphone HOT-TS15,"Rs  5,800","Rs  3,849",,
Xcess XB 27 True Wireless Stereo Earbuds,"Rs  4,000","Rs  3,399",,
XO X19 Ark Digital Display TWS Bluetooth Earbuds,"Rs  3,500","Rs  2,849",5.0,1
XO X15 Soundwave Sports TWS Bluetooth Earbuds,"Rs  4,500","Rs  3,499",,
XO BE18 Portable Wireless Bluetooth Headset,"Rs  5,000","Rs  4,139",5.0,1
XO G9 Chime ENC Wireless Earbuds,"Rs  5,500","Rs  4,499",,
XO BE39 Foldable Bluetooth Headset,"Rs  7,000","Rs  4,099",5.0,1
Zero Rover Wireless Earbuds,"Rs  10,000","Rs  4,499",4.8,24
Dizo GoPods with Active Noise Cancellation by Realme TechLife,"Rs  11,999","Rs  9,999",,
Westpoint TWS Earbuds WP-105,"Rs  9,000","Rs  5,625",,
SiGMA Wireless EarBuds WAVE T5 TWS,"Rs  5,600","Rs  4,499",,
Borofone BE55 Perfect TWS Earbuds,"Rs  5,000","Rs  3,599",,
Hajex Bliss Series ZEN 02 Wireless Airpods,"Rs  6,499","Rs  4,399",,
Hajex Zen Series 01 True Wireless Earphone,"Rs  5,499","Rs  3,899",,
Bose QC Headphones,"Rs  96,000","Rs  85,999",,
Remax PD-BT533N Airpods Pro ANC,"Rs  5,500","Rs  3,149",,
Remax CozyPods W30N ANC,"Rs  6,000","Rs  3,849",,
Mars MB-10 Wireless Earbuds,"Rs  2,200","Rs  1,699",,
Mars MB-12 Wireless Earbuds,,"Rs  13,399",,
HiFuture FutureMate Pro Wireless Open Ear Earphones,"Rs  12,000","Rs  10,299",,
HiFuture SonicAir True Wireless Bluetooth Earphones,"Rs  8,000","Rs  6,299",,
Joyroom Bluetooth Wireless Headphone (JR-HL1),"Rs  7,000","Rs  6,349",5.0,3
Joyroom Cozydots Series JR-TS2 True Wireless Sleep Earbuds,"Rs  13,999","Rs  10,999",,
Joyroom R-TS3 True Wireless Sleep Earbuds,"Rs  11,000","Rs  8,399",,
Joyroom Jdots Series JR-DB2 True Wireless Earbuds,"Rs  8,500","Rs  7,099",,
Anker AeroFit Superior Comfort Open-Ear,"Rs  50,000","Rs  32,999",,
Ambie Sound Earcuffs wireless Earphone,"Rs  3,000","Rs  1,799",5.0,2
Remax RB-S2 Sports Magnet Wireless Bluetooth,"Rs  3,000","Rs  1,899",,
Yolo YOBLOX Wireless Earbuds,"Rs  5,499","Rs  4,299",,
Yolo mars H1 Wireless Headphones,"Rs  5,999","Rs  4,499",,
Awei T53 Pro Gaming Wireless Earbuds,"Rs  4,999","Rs  4,149",5.0,1
OnePlus Wireless Buds Z2,"Rs  16,000","Rs  14,899",5.0,1
OnePlus Buds Pro 2,,"Rs  37,999",5.0,2
ASPOR A615 AIRPODS 3,"Rs  3,999","Rs  3,349",4.8,3
XO BE40 ANC Noise Cancelling Bluetooth Headset,"Rs  8,500","Rs  6,699",5.0,1
XO ET32 Third Generation ANC Wireless Earbuds,"Rs  5,000","Rs  4,099",4.0,1
EarFun Free 2S Wireless Earbuds,"Rs  14,000","Rs  9,299",,
QCY H2 Pro Wireless Headphones,"Rs  12,000","Rs  8,499",,
Anker Soundcore Life Q30 | Bluetooth Noise Cancelling Headphones,"Rs  40,000","Rs  21,999",,
Apple AirPods Max,"Rs  184,000","Rs  144,999",,
Apple AirPods Max 2 (2024),"Rs  200,000","Rs  183,999",,
Westpoint TWS Earbuds WP-110,"Rs  9,900","Rs  6,199",,
Westpoint WP-101 Bluetooth Earbuds,"Rs  4,000","Rs  2,449",,
Westpoint WP-200 Wireless Headphones,"Rs  9,000","Rs  5,349",,
SiGMA Elite Class Bluetooth Headset SBH-10,"Rs  2,500","Rs  1,350",,
SIGMA Wireless EarBuds WAVE T2 TWS,"Rs  6,599","Rs  4,599",,
SiGMA T6 TWS Wireless Earbuds,"Rs  6,999","Rs  4,699",,
1HORA TWS Bluetooth Frosted Earbuds,"Rs  6,499","Rs  3,199",,
Marshall Minor III Buds,"Rs  40,000","Rs  32,999",,
Marshall Minor IV Earbuds,"Rs  46,000","Rs  38,999",,
Amazon Echo Buds,"Rs  30,000","Rs  23,899",,
Mcdodo HP-329 Wireless Earbuds,"Rs  6,000","Rs  4,249",,
Mcdodo HP-004 Wireless Earbuds,"Rs  5,000","Rs  3,249",,
HiFuture Flybuds 3 True Wireless Earphones,"Rs  10,000","Rs  8,299",,
Baseus AeQur G10 True Wireless Earphones,"Rs  15,000","Rs  12,999",,
Realme buds air 6 Anc,"Rs  20,000","Rs  14,799",,
Joyroom True Wireless Earphones Dual-Mic ENC (JR-TL11),"Rs  6,500","Rs  4,799",5.0,2
Joyroom Magnetic Neck Sports Bluetooth (JR-DY02),"Rs  4,499","Rs  3,899",5.0,1
Joyroom Cozydots Series JR-TS1 True Wireless Earbuds,"Rs  12,000","Rs  9,299",,
QCY Ailybuds Lite Earbuds,"Rs  7,000","Rs  4,549",,
Amgras Future V Pro TWS Bluetooth earbuds,"Rs  4,000","Rs  2,399",,
Amgras a1 pro wireless earbuds,"Rs  4,000","Rs  2,999",,
Amgras A2 pro Earbuds,"Rs  4,000","Rs  2,999",,
DX-03 TWS Wireless Bluetooth Earbuds,"Rs  3,000","Rs  2,149",,
GQ-01  Wireless Stereo Low-Latency Gaming Earbuds,"Rs  4,000","Rs  2,149",,
A12 Pro Touchscreen LED Display Earbuds,"Rs  4,500","Rs  2,399",,
J09 Wireless Gaming Earbuds,"Rs  2,500","Rs  1,599",,
GM-006 Gaming Headset Headphones,"Rs  2,500","Rs  1,499",,
R6 Over-ear Stereo Noise Reduction Base Gaming Headset,"Rs  6,000","Rs  3,499",,
Apro 138 Transparent Wireless Earbuds,"Rs  2,500","Rs  1,599",,
Beats Studio Buds Plus,"Rs  55,000","Rs  47,499",,
Hottu HOT TS14 Wireless Earphone,"Rs  5,000","Rs  4,249",,
Tcl SOCL500 True Wireless Earbuds,"Rs  4,999","Rs  3,599",5.0,2
Speed-X Airpods Pro 2 Wireless Bluetooth Earphone,"Rs  3,600","Rs  3,499",5.0,1
Earfun Air Lite ENC Noise Canceling  True Wireless Earphones,"Rs  12,000","Rs  7,499",,
Zero Wave Neo Wireless Earbuds,"Rs  14,999","Rs  3,999",,
Westpoint Sport Earphone WP-150,"Rs  4,950","Rs  3,099",,
Westpoint WP-115 Stereo Earbuds,"Rs  6,000","Rs  3,949",,
Westpoint WP-120 TWS Screen Earbuds,"Rs  10,000","Rs  6,449",,
Sigma Wireless Earbuds Wave T1 TWS,"Rs  7,200","Rs  4,449",,
Marshall Mode II Earbuds,"Rs  66,000","Rs  58,999",,
Mcdodo HP-330 Wireless Earbuds,"Rs  6,500","Rs  5,049",,
HiFuture YACHT True Wireless Earbuds,"Rs  16,000","Rs  13,299",,
HiFuture OlymBuds 3 True Wireless Earphones,"Rs  8,500","Rs  7,049",,
Sony Wireless Noise Cancelling Headphones WH-1000XM4,"Rs  89,000","Rs  65,499",5.0,2
Y80 Wireless Earbuds,"Rs  2,500","Rs  1,699",4.0,1
Air88 Earsbuds,"Rs  2,000","Rs  1,699",,
Z10 plus pro Tws LCD Wireless Earbuds,"Rs  3,500","Rs  2,699",5.0,1
YX19 TWS Transparent Shell True Wireless Headset Bluetooth Earbuds,"Rs  3,000","Rs  2,199",,
G04 ANC Headset Noise Cancelling Earbuds Wireless  LCD Touch Screen Earbuds,"Rs  4,000","Rs  2,699",,
V8 Business Wireless Stereo Bluetooth Headset With Microphone,"Rs  3,500","Rs  2,099",,
Realme T100 Wireless Earbuds,,"Rs  4,999",4.9,37
1HORA Bean-Type Transparent Window TWS Earbuds,"Rs  5,999","Rs  2,999",,
Faster ENC  Wireless Stereo Headset (E10),"Rs  3,000","Rs  2,299",5.0,1
Baseus Bowie WM02 True Wireless Earphones,"Rs  5,500","Rs  4,999",,
Lenovo PD1X Pro Wireless Earbuds,"Rs  4,000","Rs  3,099",5.0,1
Buds 2 Pro True Wireless Bluetooth earbuds,"Rs  3,500","Rs  2,699",,
XY-223 wirless heaphone,"Rs  4,000","Rs  2,999",,
Airs pro 2 Tws wireless Earbuds,"Rs  2,000","Rs  1,099",4.1,9
V20 touch screen Lcd Earbuds,"Rs  3,500","Rs  2,299",,
YX11 Transparent Capsule Wireless Bluetooth Earbuds,"Rs  3,000","Rs  2,099",,
WiWU Airbuds Pro 2 ANC True Wireless Airpods,"Rs  7,000","Rs  5,199",,
M19 True Wireless Earbuds,,"Rs  1,199",4.7,37
M17 TWS Wireless Earbuds,,"Rs  1,899",4.8,9
Interlink ECO NeckBand Wireless Earbuds,,"Rs  1,349",4.6,4
Interlink Whisper Neck Band,,"Rs  1,899",5.0,4
Portable True Wireless Earbuds (YD03),,"Rs  1,899",4.0,1
M33 TWS Wireless Bluetooth Earbuds,,"Rs  2,399",,
M29 TWS Wireless Bluetooth Earbuds,,"Rs  2,299",4.0,1
M80 TWS Wireless Earbuds,,"Rs  1,999",,
K36 Mini Wireless Bluetooth Headset,,"Rs  2,699",,
ALDRI TWS Smart Bluetooth Headset,,"Rs  1,749",,
950BT Wireless Esports Headphones,,"Rs  2,799",,
Audionic Airbud 3,,"Rs  2,999",5.0,1
Baseus Encok True Wireless Earphones (WM01),,"Rs  4,099",5.0,17
Huawei Freebuds Se 2,,"Rs  12,499",5.0,1
Redmi Buds Essential,,"Rs  2,999",4.8,38
Redmi Buds 4,,"Rs  5,999",4.9,9
Realme Buds Air 2 Neo,,"Rs  4,199",4.9,32
Ronin Gamers Earpods (R-860),,"Rs  4,299",4.8,11
Ronin R-820 Wireless Earbuds,,"Rs  3,799",5.0,3
Ronin R-570 Earbuds,,"Rs  4,099",4.8,13
Ronin R-190 Earbuds,,"Rs  3,499",5.0,2
Joyroom Airpods Pro (JR-T03S Pro),,"Rs  9,599",5.0,6
Joyroom True Wireless Earphones (JR-TL2),,"Rs  4,799",,
Joyroom Wireless Neck Band (JR-DY01),,"Rs  3,599",5.0,2
Anker Soundcore AeroFit Pro Open-Ear Headphones,,"Rs  41,499",,
YoPod DUO EARBUDS,,"Rs  3,299",,
Yolo YoPod PRO True Wireless Earbuds,,"Rs  3,499",,
Airox Wireless Bluetooth Neckband (NB-01),,"Rs  1,299",,
Airox E8 Wireless Earbuds,,"Rs  2,499",2.5,1
Airox E9 Wireless Earbuds,,"Rs  2,499",,
Airox Earbuds 001,,"Rs  2,399",4.5,1
Mibro M1 TWS ENC Al-Noise Cancellation Earbuds,,"Rs  5,499",4.8,4
itel Wireless Earbuds (KT-01),,"Rs  2,049",4.8,55
itel Wireless Earbuds (T3),,"Rs  3,149",,
OnePlus Nord Buds CE,,"Rs  10,499",4.5,2
OnePlus Nord Buds 3 Pro,,"Rs  12,899",,
Infinix XE20 Wireless Earbuds,,"Rs  1,999",4.8,75
JBL TUNE 215BT Wireless Neckband,,"Rs  7,299",,
JBL 770NC Wireless Headphones,,"Rs  20,999",,
Soundpeats Wireless Earbuds True Air 3,,"Rs  9,299",4.9,10
Soundpeats Mini Pro Wireless Earbuds,,"Rs  11,499",5.0,21
Soundpeats True Wireless Earbuds Free 2 Classic,,"Rs  5,138",4.9,74
Soundpeats Mini Pro HS Wireless Earbuds,,"Rs  11,199",4.9,7
Soundpeats A8 Bluetooth Wireless Headset,,"Rs  12,799",,
Dany Airdots 105 Wireless Earbud,,"Rs  3,849",4.8,15
Haylou GT7 True Wireless Earbuds,,"Rs  4,149",5.0,1
QCY H3 Lite ANC Wireless Headphones,,"Rs  9,999",,
QCY T13X Earbuds,,"Rs  6,249",,
Haino Teko Air 3 Wireless Earphones,,"Rs  2,399",5.0,5
Lenovo XT90 True Wireless Earbuds,,"Rs  2,299",4.5,16
Sony WH-CH720N Wireless Headphones,,"Rs  25,999",5.0,1
Faster Bone Conduction Bluetooth - AS18,,"Rs  7,499",,
XO BE41 ANC Noise Reduction Bluetooth Headset,,"Rs  5,099",5.0,1
Imilab IMIKI T13 TWS Earbuds,,"Rs  3,599",,
LDNIO T02 True Wireless Earbuds,,"Rs  3,499",,
EarFun Free Mini Bluetooth Earbuds,,"Rs  6,799",,
Skullcandy Smokin Earbuds,,"Rs  7,999",,
Audionic Airbud 430,,"Rs  3,299",4.9,31
Airbud Signature S650 Wireless Earbuds,,"Rs  3,772",4.8,51
Audionic Airbuds 495,,"Rs  3,069",4.9,7
Baseus Bowie M2s ANC Earphone,,"Rs  13,899",,
Baseus Bowie E13 EarPhones,,"Rs  4,899",,
MI True Wireless Earbuds Basic 2,,"Rs  2,799",4.8,205
Xiaomi Air 3 SE,,"Rs  4,299",5.0,3
Realme Buds Air6 Wireless Earbuds,,"Rs  12,499",,
Ronin Magnetic Wireless Bluetooth Handsfree (R870),,"Rs  2,199",5.0,11
Ronin R-4400 Black Wolve Wireless Headsets,,"Rs  3,799",4.8,5
Ronin R-460 Earbuds ENC,,"Rs  4,299",4.7,5
JOYROOM ANC Earbuds T03S PRO,,"Rs  4,549",,
Anker Soundcore Liberty 4 Earbuds,,"Rs  24,799",5.0,4
Anker Soundcore Life Note 3i,,"Rs  12,299",,
Anker Soundcore P25i Earbuds,,"Rs  4,949",,
Anker Soundcore Hybrid ANC Sport X10 Earbuds,,"Rs  19,999",,
Haylou X1C True Wireless Earbuds,,"Rs  3,199",5.0,1
Haylou Mori Pro Wireless Earbuds,,"Rs  5,999",3.0,1
Lenovo HE05X Neckband Wireless,,"Rs  1,079",4.8,216
Faster TG550 Delta Shaped Low Latency Gaming+Music TWS Wireless Earbuds,,"Rs  5,549",4.0,1
Aukey ANC True Wireless Earbuds (EP-N5),,"Rs  11,499",4.8,4
Haino Teko BD 96 pro Wireless Earbuds,,"Rs  3,199",,
OnePlus Nord Buds 2 True Wireless Earbuds,,"Rs  11,799",,
Soundpeats GoFree Open Ear Extreme Comfort Sport Earbuds,,"Rs  7,799",4.8,4
itel IEB-82 Superb Bass Wireless Headphone,,"Rs  2,599",,
M39 TWS Wireless Earbuds,,"Rs  2,299",5.0,1
M41 Wireless Earbuds Stereo Sound,,"Rs  1,599",4.8,53
Interlink Elite Airpods,,"Rs  4,299",,
M20 TWS Wireless Bluetooth Earbuds,,"Rs  1,199",4.8,148
R19 Pro TWS Wireless Bluetooth Earbuds,,"Rs  1,399",4.0,2
M30 Pro TWS Wireless Earbuds,,"Rs  1,599",4.3,4
M12 Max tws Gaming Earbud,,"Rs  2,099",5.0,1
M83 TWS Wireless Bluetooth Earbuds,,"Rs  1,899",,
M43 Gaming Wireless ENC Earbuds,,"Rs  2,149",5.0,3
Q25 Pro TWS Wireless Earbuds,,"Rs  1,799",,
K39 Clip Bluetooth Headset,,"Rs  2,699",,
F9 Pro2 Bluetooth Earbuds,,"Rs  1,399",,
LOGIN Gaming Earbuds (LT-BT50),,"Rs  3,649",,
HOTTU Neckband (NB12),,"Rs  2,299",4.8,19
Airox Neckband Airox BTH-35,,"Rs  1,149",4.7,6
Zero Wave Z-850 Earbuds,,"Rs  3,499",4.9,7
Haylou GT5 TWS Bluetooth Earbuds,,"Rs  3,749",5.0,5
HAYLOU S35 ANC Bluetooth Headphones,,"Rs  12,299",,
HAYLOU X1 2023 True Wireless Earphones,,"Rs  4,199",5.0,2
QCY T5 True Wireless Earbuds,,"Rs  4,199",5.0,3
QCY T13 ANC Wireless Earphones,,"Rs  4,799",5.0,16
QCY T4S Wireless Earbuds,,"Rs  2,249",,
QCY MeloBuds Pro Wireless Earbuds,,"Rs  9,399",,
Haino Teko Air 15 True Wireless Earbuds,,"Rs  3,799",,
Audionic Airbud Signature S600 Wireless Earbuds,,"Rs  3,549",4.7,32
Baseus True Wireless Earphones WM01 Plus,,"Rs  6,199",5.0,1
Baseus Encok W05 Lite Earbuds,,"Rs  3,699",,
Baseus Bowie WM03 True Wireless Earphones,,"Rs  7,299",,
Baseus Bowie EZ10 True Wireless Earphones,,"Rs  4,999",,
Huawei Freebuds 5i,,"Rs  18,799",,
Mi True Wireless Earphones 2 Basic,,"Rs  4,499",4.5,2
Redmi Buds 3 Pro,,"Rs  7,799",4.8,33
Xiaomi Buds 4 Pro,,"Rs  42,999",,
Realme air 3s Wireless Earbuds,,"Rs  9,999",5.0,2
Ronin Wireless Mini POD (R-590),,"Rs  3,295",5.0,4
Ronin R-175 Wireless Earbuds,,"Rs  4,499",,
Ronin R-390 Wireless Earbuds,,"Rs  3,999",,
Ronin R-140 Earbuds,,"Rs  4,749",4.7,7
Ronin R-740 EarBuds,,"Rs  3,349",5.0,1
Ronin R-1500 Headphone,,"Rs  4,299",,
Ronin R-7010 Earbuds,,"Rs  4,599",4.9,6
Anker Soundcore R100 True Wireless Earbuds,,"Rs  5,999",,
Soundcore Life P3 Noise Cancelling Earbuds,,"Rs  17,999",,
Samsung Galaxy Buds 2,,"Rs  18,499",4.9,144
Samsung Galaxy Buds FE,,"Rs  13,199",4.8,41
Apple Airpods (3rd generation),,"Rs  44,999",4.0,3
FASTER E20 Pro ENC Wireless Earbuds,,"Rs  4,799",,
FASTER TG-330 NECKBAND EARPHONE,,"Rs  3,499",,
Tronsmart Onyx ace Earbuds,,"Rs  6,599",,
Infinix Buds Lite,,"Rs  3,499",,
JBL Tune 670NC Wireless Headphones,,"Rs  18,799",,
JBL Tune 230NC Wireless Earbuds,,"Rs  15,299",3.0,1
Soundpeats RunFree Sports Bluetooth Headphones,,"Rs  8,799",5.0,1
G-Tide Earbuds Buds 2,,"Rs  2,049",,
R05 TWS Wireless Earbuds,,"Rs  2,499",,
Beltou Hifi B09 Ture Wireless Earpods,,"Rs  3,420",,
Beltou True Wireless Earpods B17,,"Rs  2,499",5.0,1
M5 Wireless Earbuds,,"Rs  2,149",5.0,3
M18 True Wireless Earbuds,,"Rs  1,999",4.8,3
M31 TWS Wireless Earbuds,,"Rs  1,999",4.7,3
M23 TWS Wireless Bluetooth Earbuds,,"Rs  2,299",,
G11 TWS Stereo Bass Gaming Earbuds,,"Rs  1,799",5.0,1
Airdopes 141 Wireless Earbud,,"Rs  3,749",4.8,10
958BT Headphone Sport Stereo headset wireless headphones,,"Rs  2,299",,
HBX 950 BT Headphone Sport Stereo headset wireless headphones,,"Rs  2,399",,
Nokia Pro True Wireless Earphones P3802A,,"Rs  7,299",,
Ansty Sports Wireless Neckband (M-01),,"Rs  2,399",5.0,1
Login LT-N25 Free Style Wireless Neckband,,"Rs  2,999",,
HOTTU Neckband (BT001),,"Rs  2,049",4.8,4
Airox Wireless Bluetooth Earphone (NB-02),,"Rs  1,349",5.0,3
Airox Energy Pro Bluetooth Neck Band NB04,,"Rs  1,299",4.8,15
XO BE35 Portable Wireless Bluetooth Headset,,"Rs  3,039",,
Zero Atom ZDots Earbuds,,"Rs  4,299",4.5,15
1HORA True Wireless Earphones F25 (DHZN),,"Rs  3,199",,
1Hora Gaming Headphones AUT202N,,"Rs  4,399",,
Marshall Motif II Earbuds,,"Rs  54,999",,
Mars MB-13 Neckband Memory Card Supported,,"Rs  1,399",,
Audionic Bluetooth Neckband (A800),,"Rs  2,399",,
Audionic Supreme X20 Wireless Neckband,,"Rs  3,999",4.7,19
Audionic Airbud 435 Mini Wireless Earbuds,,"Rs  3,399",4.8,21
Audionic Airbud 625 Pro Wireless Earbuds,,"Rs  3,799",4.8,67
Baseus Bowie H1i ANC Headphones,,"Rs  10,899",4.7,2
Mi True Wireless Earphones 2s,,"Rs  9,799",,
Redmi Buds 3 Lite,,"Rs  3,299",4.9,431
Redmi Buds 3,,"Rs  7,549",5.0,45
Redmi Airdots 3,,"Rs  7,199",,
Realme Buds Air Neo,,"Rs  7,499",5.0,1
Realme Buds Q2s,,"Rs  6,649",4.9,6
Realme T300 ANC Earbuds,,"Rs  8,799",3.5,2
Ronin Wireless Earbuds R-475,,"Rs  3,499",4.7,2
Ronin R-290 Mini Earbuds,,"Rs  3,899",,
Ronin R-840 Earbuds,,"Rs  3,699",4.9,10
Joyroom TWS Wireless Earbuds (T03s),,"Rs  5,799",,
Anker Soundcore Neckband R500,,"Rs  4,699",4.4,6
Anker Soundcore Life Q10i Wireless Headphones,,"Rs  10,999",,
Anker Soundcore Life Q35 Headphones,,"Rs  22,999",5.0,1
Anker Soundcore Life Q45 Headphones,,"Rs  27,499",5.0,4
Anker V30i Open-Ear Bluetooth Earbuds,,"Rs  14,999",,
G36 Earbuds with Power-bank,,"Rs  1,899",,
M18 Pro Ture Wireless Earbuds,,"Rs  1,949",4.7,3
M38 Wireless Gaming Earbuds,,"Rs  1,399",4.8,8
M9 Wireless Earphones,,"Rs  1,999",4.9,5
Interlink Airpods Freefly,,"Rs  3,999",,
Bluetooth Bone Conduction Earbuds V18,,"Rs  3,199",,
M27 TWS Wireless Bluetooth Earbuds,,"Rs  1,549",5.0,2
M88 Plus Tws Earbuds,,"Rs  1,399",4.7,52
M29 Pro TWS Gaming Earbuds,,"Rs  1,899",5.0,3
K10 Bluetooth Earphones,,"Rs  1,899",,
DEFY Gravity Turbo Wireless Earbuds,,"Rs  2,649",3.0,2
E75  BT Headphone,,"Rs  2,649",,
Ansty Sports Wireless Neckband (M-04),,"Rs  2,649",,
Login LT-WB6 Earbuds,,"Rs  4,599",5.0,2
Login LT-WB30 Earbuds,,"Rs  3,299",,
Login LT-WB12 True Wireless Earbuds,,"Rs  1,999",4.0,1
Login LT-HP20 Headphones,,"Rs  3,699",,
HOTTU Neckband (NB10),,"Rs  2,149",5.0,5
Airox X400 Airpods Pro 3rd Gen,,"Rs  2,699",4.6,18
Airox X500 Airpods Pro,,"Rs  3,499",5.0,9
Airox Energy Booster Wireless Neck Band NB05,,"Rs  1,699",,
Airox E10 Wireless Earbuds,,"Rs  2,499",4.0,1
OnePlus Nord Buds True Wireless Earbuds,,"Rs  10,699",,
Infinix XE27 Wireless Earbuds,,"Rs  4,499",4.9,107
Oraimo OEB-E74D Necklace 2 Wireless Earphone,,"Rs  3,999",,
Soundpeats RunFree Lite Sport Headphones,,"Rs  7,049",,
Mibro Earbuds S1,,"Rs  4,899",4.9,6
Beats Fit Pro True Wireless Noise Cancelling Earbuds,,"Rs  33,499",,
Itel Wireless Earbuds T1 Neo,,"Rs  2,849",5.0,2
Yookie High Quality Stereo Earbuds (ES21),,"Rs  1,999",5.0,1
EarFun Air Pro 3 Earbuds,,"Rs  18,399",,
EarFun Free Pro 3 Noise Cancelling  Wireless Earbuds,,"Rs  20,199",,
Haylou X1 Neo Earbuds,,"Rs  3,149",5.0,22
QCY T1C TWS Bluetooth Earphones,,"Rs  3,399",4.9,12
Lenovo TW60 Wireless Bluetooth Earbuds,,"Rs  5,299",,
Apple AirPods (2nd generation),,"Rs  26,999",4.9,23
Apple AirPods 3rd Generation Magsafe,,"Rs  44,999",5.0,1
Tronsmart Onyx Free True Wireless Bluetooth Earphones,,"Rs  7,099",4.0,1
1Hora HT22 Wireless Earbuds,,"Rs  3,299",,
Audionic Airbud Signature N-25 Neckband,,"Rs  3,499",4.5,2
Audionic Airbud Loop Plus,,"Rs  3,499",,
Baseus Bowie D05 Bluetooth Wireless Headphones,,"Rs  8,799",5.0,2
Baseus Bowie WM02 Plus TWS Wireless Earbuds,,"Rs  5,249",4.0,1
Baseus Encok Wireless Headphone D02 Pro,,"Rs  6,599",,
Redmi AirDots 2,,"Rs  2,799",4.8,126
Realme Buds Air Pro,,"Rs  7,799",5.0,3
Realme Buds Wireless,,"Rs  2,799",4.8,20
Ronin Free Style Wireless Neckband (R970),,"Rs  2,299",4.9,12
Ronin Gaming Battle Pods (R-490),,"Rs  3,999",4.4,11
Ronin R-180 Wireless Headphones,,"Rs  1,999",5.0,2
Ronin R-7030 Earbuds,,"Rs  4,149",5.0,1
Anker Soundcore Space One Headphones,,"Rs  21,499",5.0,2
Anker Soundcore Life Q20i Headphones,,"Rs  10,999",4.5,2
Anker SoundcoreVR P10 Gaming Earbuds,,"Rs  20,799",,
Oraimo Roll Wireless Earbuds,,"Rs  3,299",,
Soundpeats True Wireless Earbuds Air 3 Deluxe HS,,"Rs  8,599",5.0,5
Soundpeats Opera 03 HI-RES Earbuds,,"Rs  15,899",,
SoundPEATS Space Hybrid Active Noise Cancelling Headphones,,"Rs  11,279",,
Mpow M12 Wireless Earbuds,,"Rs  3,699",4.9,10
Haylou Moripods ANC Bluetooth Earbuds,,"Rs  6,799",4.7,6
Haylou X1 Pro ANC Wireless Earbuds,,"Rs  8,799",,
Haylou Earbuds W1 ANC,,"Rs  8,599",5.0,2
Haylou GT7 Neo Wireless Earbuds,,"Rs  3,999",,
Haino Teko Air 1 Mini True Wireless Earbuds,,"Rs  3,499",,
YD04 TWS Bluetooth Earphones,,"Rs  1,899",4.8,2
Airpods Pro,,"Rs  2,299",,
YD05 TWS Earbuds,,"Rs  2,299",,
K35 Stereo Wireless Bluetooth Headset,,"Rs  2,399",,
Airdopes 115 Wireless Bluetooth Earbuds,,"Rs  3,049",5.0,5
Yolo YoPod Ture Wireless Earbuds,,"Rs  3,599",4.8,10
Ansty B06 Wireless Earbuds,,"Rs  3,349",,
Login True wireless Airpods (LT-WB2),,"Rs  2,499",5.0,2
WiWU Airbuds Pro ANC,,"Rs  5,199",,
Airox NB 51 Neck Band,,"Rs  2,449",4.8,10
XO X24 TWS Bluetooth Wireless Earbuds,,"Rs  2,859",5.0,1
XO G17 ANC+ENC Noise Canceling Wireless Earbuds,,"Rs  4,149",5.0,2
XO BS33 Sport Bluetooth Neckband,,"Rs  1,999",,
FAYWA I14 EARBUDS,,"Rs  2,799",,
LDNIO T01 True Wireless Earbuds,,"Rs  3,699",,
Skullcandy Rail Wireless Earbuds,,"Rs  17,999",,
1HORA G161 True Wireless Earbuds,,"Rs  3,449",,
Lenovo GM2 Pro TWS Wireless Earbuds,,"Rs  2,749",4.8,4
Apple AirPods Pro (2nd generation),,"Rs  59,299",5.0,37
Faster Air Conduction Bluetooth - AS20,,"Rs  5,499",,
G91 Clip Tws True Wireless Stereo Earbuds,,"Rs  2,499",,
Redmi Buds 5A,,"Rs  5,900",,
Ronin Wireless Earbuds Neckband R-270,,"Rs  3,699",5.0,1
Joyroom JR-NX3 True Wireless Bluetooth Headset,,"Rs  5,799",,
